{
  "Model": "DecisionTree",
  "Accuracy": 0.8275,
  "Precision": 0.5665236051502146,
  "Recall": 0.6486486486486487,
  "F1": 0.6048109965635738,
  "MCC": 0.49698129922639683,
  "AUC": 0.8329446549785534,
  "evaluation_date": "2026-01-22 17:22:34"
}