{
  "Model": "GaussianNB",
  "Accuracy": 0.7835,
  "Precision": 0.3142857142857143,
  "Recall": 0.05405405405405406,
  "F1": 0.09224318658280922,
  "MCC": 0.052405760867435834,
  "AUC": 0.7439334557978626,
  "evaluation_date": "2026-01-23 19:05:25"
}