{
  "Model": "KNN",
  "Accuracy": 0.8265,
  "Precision": 0.7027027027027027,
  "Recall": 0.25552825552825553,
  "F1": 0.3747747747747748,
  "MCC": 0.3505195113984483,
  "AUC": 0.7757989113921318,
  "evaluation_date": "2026-01-23 19:05:25"
}