{
  "Model": "LogisticRegression",
  "Accuracy": 0.706,
  "Precision": 0.3820078226857888,
  "Recall": 0.7199017199017199,
  "F1": 0.4991482112436116,
  "MCC": 0.34970214776872216,
  "AUC": 0.7737706890249264,
  "evaluation_date": "2026-01-23 20:25:12"
}