{
  "Model": "RandomForest",
  "Accuracy": 0.821,
  "Precision": 0.5513626834381551,
  "Recall": 0.6461916461916462,
  "F1": 0.5950226244343891,
  "MCC": 0.4835506638092883,
  "AUC": 0.8486174926852892,
  "evaluation_date": "2026-01-23 19:05:25"
}