{
  "Model": "XGBoost",
  "Accuracy": 0.853,
  "Precision": 0.7383966244725738,
  "Recall": 0.42997542997543,
  "F1": 0.5434782608695652,
  "MCC": 0.4871276453473892,
  "AUC": 0.8401267214826538,
  "evaluation_date": "2026-01-22 17:22:35"
}